"","iso_a3","region_id","country","income_id","gdp","population","total_waste","composition_food_organic_waste_percent","composition_glass_percent","composition_metal_percent","composition_other_percent","composition_paper_cardboard_percent","composition_plastic_percent","composition_rubber_leather_percent","composition_wood_percent","composition_yard_garden_green_waste_percent","country_name","continent"
"1","CHN","East_Asia_Pacific","China","UMC",16092.30078125,1400050048,395081376,61.2,2.1,1.1,13.1,9.6,9.8,1.3,1.8,NA,"China","Asia"
"2","USA","North_America","United States","HIC",61498.37109375,326687488,265224528,14.9,4.4,9,3.2,26.6,12.9,9.5,6.2,13.3,"United States","North America"
"3","IND","South_asia","India","LMC",6496.8076171875,1352617344,189750000,NA,NA,NA,NA,NA,NA,NA,NA,NA,"India","Asia"
"4","BRA","Latin_America","Brazil","UMC",14596.24609375,208494896,79069584,51.4,2.4,2.9,16.7,13.1,13.5,NA,NA,NA,"Brazil","South America"
"5","IDN","East_Asia_Pacific","Indonesia","LMC",10531.1982421875,261115456,65200000,53.8,2.5,1.8,12.9,14.9,14,NA,NA,NA,"Indonesia","Asia"
"6","RUS","Europe_Central_Asia","Russian Federation","UMC",26012.849609375,143201680,6e+07,28.41,16.82,1.83,19.03,19.7,14.21,NA,NA,NA,"Russian Federation","Europe"
"7","MEX","Latin_America","Mexico","UMC",19332.07421875,125890952,53100000,52.4,5.9,3.4,12.1,13.8,10.9,NA,NA,NA,"Mexico","North America"
"8","DEU","Europe_Central_Asia","Germany","HIC",53784.78125,83132800,50627876,30,10,1.4,17.7,24,13,4,NA,NA,"Germany","Europe"
"9","JPN","East_Asia_Pacific","Japan","HIC",41309.95703125,126529104,42720000,36,5,4,6,33,11,1,4,NA,"Japan","Asia"
"10","FRA","Europe_Central_Asia","France","HIC",46110.18359375,67059888,36748820,32,10,3,26,20,9,NA,NA,NA,"France","Europe"
"11","TUR","Europe_Central_Asia","Turkey","UMC",28289.087890625,83429616,35374156,64,2,1,24,6,3,NA,NA,NA,"Turkey","Asia"
"12","GBR","Europe_Central_Asia","United Kingdom","HIC",46290.12109375,66460344,30771140,16.7,2.2,3.5,28.2,18.9,20.2,NA,7.6,2.7,"United Kingdom","Europe"
"13","PAK","South_asia","Pakistan","LMC",4571.41455078125,193203472,30760000,30,6,4,20,13,9,2,2,14,"Pakistan","Asia"
"14","ITA","Europe_Central_Asia","Italy","HIC",42419.72265625,60297396,30088400,34.4,7.6,4.3,15.4,22.8,11.6,NA,3.8,NA,"Italy","Europe"
"15","NGA","Sub-Saharan_Africa","Nigeria","LMC",4690.37939453125,154402176,27614830.07185,NA,3.1,NA,11.3,8,4.8,NA,NA,NA,"Nigeria","Africa"
"16","THA","East_Asia_Pacific","Thailand","UMC",16301.5380859375,68657600,26853366,65.52,3.04,1.85,4.74,7.6,17.59,0.46,0.8,NA,"Thailand","Asia"
"17","CAN","North_America","Canada","HIC",47672.078125,35544564,25103034,24,6,13,8,47,3,NA,NA,NA,"Canada","North America"
"18","ESP","Europe_Central_Asia","Spain","HIC",40985.55859375,47076780,22408548,49,8,3,14,15,9,NA,2,NA,"Spain","Europe"
"19","EGY","Middle_East_North_Africa","Egypt, Arab Rep.","LMC",10301.107421875,87813256,2.1e+07,56,4,2,15,10,13,NA,NA,NA,"Egypt","Africa"
"20","KOR","East_Asia_Pacific","Korea, Rep.","HIC",42105.28125,51606632,20452776,30,2.5,2.6,NA,41,24.3,NA,NA,NA,"Republic of Korea","Asia"
"21","ZAF","Sub-Saharan_Africa","South Africa","UMC",12666.607421875,51729344,18457232,16.3816546273027,5.20021637047202,16.9104608968452,45.0206455659223,9.39691823779427,7.09010430166343,NA,NA,NA,"South Africa","Africa"
"22","ARG","Latin_America","Argentina","HIC",23550.099609375,42981516,17910550,38.74,3.16,1.84,15.36,13.96,14.61,1.26,1.09,9.95,"Argentina","South America"
"23","IRN","Middle_East_North_Africa","Iran, Islamic Rep.","UMC",14535.8623046875,80277424,17885000,72.9,1.9,2.3,5,7.3,8.5,1.1,1.3,NA,"Iran","Asia"
"24","SAU","Middle_East_North_Africa","Saudi Arabia","HIC",48921.23046875,31557144,16125700.584,45.5,4,5,2.5,27,11,NA,5,NA,"Saudi Arabia","Asia"
"25","UKR","Europe_Central_Asia","Ukraine","LMC",11534.6376953125,45004644,15242025,37,5,4,22,25,7,NA,NA,NA,"Ukraine","Europe"
"26","BGD","South_asia","Bangladesh","LMC",3195.73706054688,155727056,14778497.33,80.58,0.44,0.5,8.59,3.04,4.67,1.08,NA,1.1,"Bangladesh","Asia"
"27","PHL","East_Asia_Pacific","Philippines","LMC",7705.04541015625,103320224,14631922.9,52.31,2.34,4.22,21.52,8.7,10.55,0.37,NA,NA,"Philippines","Asia"
"28","COD","Sub-Saharan_Africa","Congo, Dem. Rep.","LIC",1055.57299804688,78736152,14385226.02,NA,NA,NA,NA,NA,NA,NA,NA,NA,"Democratic Republic of the Congo","Africa"
"29","AUS","East_Asia_Pacific","Australia","HIC",47784.1796875,23789338,13345000,48.44,3.81,19.38,3.46,17.3,7.61,NA,NA,NA,"Australia","Oceania"
"30","IRQ","Middle_East_North_Africa","Iraq","UMC",10310.6796875,36115648,13140000,68.7,2.3,0.98,6,9.6,5.29,5.09,0.85,0.93,"Iraq","Asia"
"31","MYS","East_Asia_Pacific","Malaysia","UMC",23906.265625,30228016,12982685,46,3,3,9,14,15,3,7,NA,"Malaysia","Asia"
"32","POL","Europe_Central_Asia","Poland","HIC",33221.54296875,37970872,12758213,37.27,10.07,2.17,26.69,11.27,12.13,NA,0.4,NA,"Poland","Europe"
"33","DZA","Middle_East_North_Africa","Algeria","UMC",11826.1650390625,40606052,12378740,54.4,1.2,2.8,0.8,9.8,16.9,12.6,1.5,NA,"Algeria","Africa"
"34","COL","Latin_America","Colombia","UMC",12523.0068359375,46406648,12150120,59.58,2.35,1.1,15.74,8.4,12.83,NA,NA,NA,"Colombia","South America"
"35","VEN","Latin_America","Venezuela, RB","UMC",14269.673828125,29893080,9779093.14,NA,NA,NA,NA,NA,NA,NA,NA,NA,"Venezuela","South America"
"36","VNM","East_Asia_Pacific","Vietnam","LMC",5089.4111328125,86932496,9570300,61.9,2.18,0.58,15.18,5.2,12.15,0.6,3.74,NA,"Vietnam","Asia"
"37","TZA","Sub-Saharan_Africa","Tanzania","LIC",2128.55395507812,49082996,9276995,NA,NA,NA,NA,NA,NA,NA,NA,NA,"Tanzania","Africa"
"38","NLD","Europe_Central_Asia","Netherlands","HIC",56849.375,17332850,8805088,35,5.4,4.3,20.24,21,14,NA,NA,NA,"Netherlands","Europe"
"39","PER","Latin_America","Peru","UMC",11877.083984375,30973354,8356711.13,50.43,3.05,2.64,21.7,7.44,10.52,1.25,NA,2.97,"Peru","South America"
"40","TWN","East_Asia_Pacific",NA,"HIC",57362.92578125,23434000,7336000,23.34,4.11,3.07,14.11,30.01,20.23,0.6,NA,4.43,NA,NA
"41","UGA","Sub-Saharan_Africa","Uganda","LIC",1972.3017578125,35093648,7045049.836,74.5,0.8,0.6,10.6,6,7.6,NA,NA,NA,"Uganda","Africa"
"42","MAR","Middle_East_North_Africa","Morocco","LMC",6915.10302734375,34318080,6852000,60,2,2.5,6,9,8,NA,NA,NA,"Morocco","Africa"
"43","ETH","Sub-Saharan_Africa","Ethiopia","LIC",1779.083984375,99873032,6532786.97,87.6,0.8,1.2,4.4,3.8,2.3,NA,NA,NA,"Ethiopia","Africa"
"44","CHL","Latin_America","Chile","HIC",20361.71484375,16829442,6517000,53.3,6.6,2.3,16,12.4,9.4,NA,NA,NA,"Chile","South America"
"45","CHE","Europe_Central_Asia","Switzerland","HIC",68394.2890625,8574832,6079556,29,4,3,29,20,15,NA,NA,NA,"Switzerland","Europe"
"46","HKG","East_Asia_Pacific","Hong Kong SAR, China","HIC",57215.96875,7305700,5679816.465,35,3,2,14,22,21,NA,3,NA,"Hong Kong","Asia"
"47","AFG","South_asia","Afghanistan","LIC",2057.06225585938,34656032,5628525.37,NA,NA,NA,NA,NA,NA,NA,NA,NA,"Afghanistan","Asia"
"48","ARE","Middle_East_North_Africa","United Arab Emirates","HIC",67119.1328125,9770529,5617682,39,4,3,10,25,19,NA,NA,NA,"United Arab Emirates","Asia"
"49","GRC","Europe_Central_Asia","Greece","HIC",30465.44921875,10716322,5615352.5,40,3,3,9,29,14,2,NA,NA,"Greece","Europe"
"50","KEN","Sub-Saharan_Africa","Kenya","LMC",3329.8544921875,41350152,5595099,57,3,1,9,11.3,18.7,NA,NA,NA,"Kenya","Africa"
"51","ROU","Europe_Central_Asia","Romania","UMC",29983.556640625,19356544,5419832.5,56.26,4.89,2.5,10.68,11.34,12.33,NA,2,NA,"Romania","Europe"
"52","ISR","Middle_East_North_Africa","Israel","HIC",37687.74609375,8380100,5400000,34,3,3,16,24,18,NA,NA,2,"Israel","Asia"
"53","CZE","Europe_Central_Asia","Czech Republic","HIC",40836.328125,10669709,5334854.5,62.3,2.4,8.4,14.9,9.1,2.2,NA,0.7,NA,"Czech Republic","Europe"
"54","ECU","Latin_America","Ecuador","UMC",11896.376953125,16144368,5297211.14253394,58.67,3.01,1.53,13.78,10.25,11.44,0.45,0.86,NA,"Ecuador","South America"
"55","PRT","Europe_Central_Asia","Portugal","HIC",34961.9453125,10269417,5268211,36.49,6.73,1.85,27.68,13.64,10.72,NA,0.93,1.94,"Portugal","Europe"
"56","AUT","Europe_Central_Asia","Austria","HIC",56029.61328125,8877067,5219715.5,31.4,7,4.4,18.5,19.7,11.1,NA,7.9,NA,"Austria","Europe"
"57","DNK","Europe_Central_Asia","Denmark","HIC",57821.19921875,5818553,4910858.5,12.78,5.78,6.29,23.86,11.57,1.61,0,7.65,30.46,"Denmark","Europe"
"58","YEM","Middle_East_North_Africa","Yemen, Rep.","LIC",8269.671875,27584212,4836820,65,1,6,6,7,10,1,3,1,"Yemen","Asia"
"59","BEL","Europe_Central_Asia","Belgium","HIC",51914.9140625,11484055,4765883,14.18,3.1,1.91,40.14,18.38,13.94,NA,2.37,5.84,"Belgium","Europe"
"60","MMR","East_Asia_Pacific","Myanmar","LMC",1093.7880859375,46095464,4677306.52914,NA,NA,NA,NA,NA,NA,NA,NA,NA,"Myanmar","Asia"
"61","KAZ","Europe_Central_Asia","Kazakhstan","UMC",22702.580078125,16791424,4659740,30,5,3,7,25,25,NA,2.5,NA,"Kazakhstan","Asia"
"62","SWE","Europe_Central_Asia","Sweden","HIC",52608.7109375,10285453,4618168.5,23.34,9.15,9.2,NA,36.4,6.58,NA,NA,15.33,"Sweden","Europe"
"63","SYR","Middle_East_North_Africa","Syrian Arab Republic","LIC",8587.05078125,20824892,4500000,57,3,4,22,7,7,NA,NA,NA,"Syria","Asia"
"64","CIV","Sub-Saharan_Africa","Côte d’Ivoire","LMC",3660.90283203125,20401332,4440814.27,NA,NA,NA,NA,NA,NA,NA,NA,NA,"Côte d'Ivoire","Africa"
"65","RWA","Sub-Saharan_Africa","Rwanda","LIC",1950.52807617188,11917508,4384969,NA,NA,NA,NA,NA,NA,NA,NA,NA,"Rwanda","Africa"
"66","BLR","Europe_Central_Asia","Belarus","UMC",18307.51953125,9489616,4280000,30,8,2,35,5,12,6,2,NA,"Belarus","Europe"
"67","AGO","Sub-Saharan_Africa","Angola","LMC",8036.6904296875,25096150,4213643.585,51.8,6.7,4.4,11.5,11.9,13.5,NA,NA,NA,"Angola","Africa"
"68","PRI","Latin_America","Puerto Rico","HIC",34311.03125,3473181,4170953,13.1,2.4,10.4,23.8,19.4,10.4,NA,NA,20.5,"Puerto Rico","North America"
"69","NOR","Europe_Central_Asia","Norway","HIC",64962.26171875,5347896,4149967.25,15.49,4.6,6.12,13.15,26.57,2.25,NA,17.21,14.68,"Norway","Europe"
"70","DOM","Latin_America","Dominican Republic","UMC",15328.3525390625,10528394,4063910,51,6,3,10,16,10,NA,4,NA,"Dominican Republic","North America"
"71","UZB","Europe_Central_Asia","Uzbekistan","LMC",5164.2744140625,29774500,4e+06,40,3,2,17.5,17.5,2.5,1.5,4,NA,"Uzbekistan","Asia"
"72","MDA","Europe_Central_Asia","Moldova","LMC",10360.830078125,3554108,3981200,55,4,3,23,5,10,NA,NA,NA,"Moldova","Europe"
"73","HUN","Europe_Central_Asia","Hungary","HIC",32643.490234375,9769949,3780970.25,22.5,3.5,1.8,45.9,13.4,13,NA,NA,NA,"Hungary","Europe"
"74","MDG","Sub-Saharan_Africa","Madagascar","LIC",1565.86694335938,24894552,3768759.16,NA,NA,NA,NA,NA,NA,NA,NA,NA,"Madagascar","Africa"
"75","GHA","Sub-Saharan_Africa","Ghana","LMC",3092.59692382812,21542008,3538274.97825,67,0,1,25,3,4,NA,NA,NA,"Ghana","Africa"
"76","NZL","East_Asia_Pacific","New Zealand","HIC",41857.4765625,4692700,3405000,28,4,4.5,37,7,8,1,11,NA,"New Zealand","Oceania"
"77","CMR","Sub-Saharan_Africa","Cameroon","LMC",3262.763671875,21655716,3270616.59,83.4,0.1,0.7,10.4,2.1,3.3,NA,NA,NA,"Cameroon","Africa"
"78","FIN","Europe_Central_Asia","Finland","HIC",48814.30859375,5520314,3124497.75,35.88,9.24,1.7,13.13,37.83,1.45,NA,0.73,NA,"Finland","Europe"
"79","AZE","Europe_Central_Asia","Azerbaijan","UMC",14853.91015625,9649341,2930349,45.19,5.28,3.49,13.73,10.93,7.87,3.09,NA,10.42,"Azerbaijan","Asia"
"80","IRL","Europe_Central_Asia","Ireland","HIC",83388.71875,4867316,2910655,16.6,8.5,3.7,25.8,25,12.4,NA,1.9,6.1,"Ireland","Europe"
"81","MNG","East_Asia_Pacific","Mongolia","LMC",10940.4150390625,3027398,2900000,22.7,NA,NA,50.1,12.7,14.5,NA,NA,NA,"Mongolia","Asia"
"82","BGR","Europe_Central_Asia","Bulgaria","UMC",22279.361328125,7025037,2859190,24.35,5.83,1.98,17.93,14.18,12.15,1.96,2.48,19.18,"Bulgaria","Europe"
"83","SDN","Sub-Saharan_Africa","Sudan","LMC",4191.8232421875,38647804,2831291,51.4,3.5,1.7,18.9,11.8,12.7,NA,NA,NA,"Sudan","Africa"
"84","GTM","Latin_America","Guatemala","UMC",8125.36474609375,16252429,2756740.97135,37.7144911834619,4.39183557981429,NA,18.0184736413703,16.0467021530789,17.2908087510093,NA,NA,6.53768869126523,"Guatemala","North America"
"85","TUN","Middle_East_North_Africa","Tunisia","LMC",10505.2626953125,11143908,2700000,68,2,4,5,10,11,NA,NA,NA,"Tunisia","Africa"
"86","CUB","Latin_America","Cuba","UMC",12984.7109375,11303687,2692691.98,68.9,4.6,1.6,3,12.3,9.6,NA,NA,NA,"Cuba","North America"
"87","SSD","Sub-Saharan_Africa","South Sudan","LIC",1795.99194335938,11177490,2680681,NA,NA,NA,NA,NA,NA,NA,NA,NA,"South Sudan","Africa"
"88","LKA","South_asia","Sri Lanka","LMC",12287.47265625,21203000,2631650,62,2,3,13,7,7,NA,6,NA,"Sri Lanka","Asia"
"89","ZMB","Sub-Saharan_Africa","Zambia","LMC",3201.28930664062,14264756,2608268,NA,NA,NA,NA,NA,NA,NA,NA,NA,"Zambia","Africa"
"90","BFA","Sub-Saharan_Africa","Burkina Faso","LIC",1925.33117675781,18110624,2575251.11,21,1,1,61,7,9,NA,NA,NA,"Burkina Faso","Africa"
"91","JOR","Middle_East_North_Africa","Jordan","UMC",10413.17578125,8413464,2529997,50,2,1.5,15.5,15,16,NA,NA,NA,"Jordan","Asia"
"92","MOZ","Sub-Saharan_Africa","Mozambique","LIC",1217.09020996094,27212382,2500000,60,NA,NA,15,25,NA,NA,NA,NA,"Mozambique","Africa"
"93","SEN","Sub-Saharan_Africa","Senegal","LIC",3067.66259765625,15411614,2454059.25,12,2,2,68,5,9,NA,2,NA,"Senegal","Africa"
"94","SRB","Europe_Central_Asia","Serbia","UMC",18351.2734375,6944975,2347401.5,37.62,5.44,1.38,16.72,13.57,12.73,0.4,NA,12.14,"Serbia","Europe"
"95","SOM","Sub-Saharan_Africa","Somalia","LIC",1862.61413574219,14317996,2326099.17,NA,NA,NA,NA,NA,NA,NA,NA,NA,"Somalia","Africa"
"96","HTI","Latin_America","Haiti","LIC",2952.61865234375,10847334,2309852.45485,61.3,1.6,2.5,16.8,4.1,12.7,NA,1,NA,"Haiti","North America"
"97","SVK","Europe_Central_Asia","Slovak Republic","HIC",31965.76171875,5454073,2296164.75,42,19,2,1,25,11,NA,NA,NA,"Slovakia","Europe"
"98","BOL","Latin_America","Bolivia","LMC",7984.41357421875,10724705,2219052,55.1969111969112,2.9034749034749,2.5019305019305,22.7027027027027,6.5019305019305,10.1930501930502,NA,NA,NA,"Bolivia","South America"
"99","HND","Latin_America","Honduras","LMC",5395.61376953125,9112867,2162027.69575,57.9,1.27,2.11,6.62,17.36,14.41,0.33,NA,NA,"Honduras","North America"
"100","LBY","Middle_East_North_Africa","Libya","UMC",8479.9462890625,6193501,2147596.47175,70.1,3.1,4.3,3.8,5.5,7.5,NA,2.5,NA,"Libya","Africa"
"101","LBN","Middle_East_North_Africa","Lebanon","UMC",16966.740234375,5603279,2040000,52.5,3.5,5.5,11,16,11.5,NA,NA,NA,"Lebanon","Asia"
"102","MLI","Sub-Saharan_Africa","Mali","LIC",2007.80603027344,16006670,1937354.44,17.5,1,3.5,72.5,3.5,2,NA,NA,NA,"Mali","Africa"
"103","BDI","Sub-Saharan_Africa","Burundi","LIC",839.778503417969,6741569,1872016,81,2.9,2.1,3.2,7.3,3.5,NA,NA,NA,"Burundi","Africa"
"104","SGP","East_Asia_Pacific","Singapore","HIC",97341.46875,5703600,1870000,10.51,0.93,19.12,32.3,14.86,10.58,1.96,5.5,4.26,"Singapore","Asia"
"105","NER","Sub-Saharan_Africa","Niger","LIC",1038.22412109375,8842415,1865645.67,38,NA,1,57,2,2,NA,NA,NA,"Niger","Africa"
"106","PRY","Latin_America","Paraguay","UMC",11810.427734375,6639119,1818501.3648,NA,NA,NA,NA,NA,NA,NA,NA,NA,"Paraguay","South America"
"107","HRV","Europe_Central_Asia","Croatia","HIC",28829.35546875,4067500,1810037.5,30.9,3.7,2.1,11.5,23.2,22.9,NA,NA,5.7,"Croatia","Europe"
"108","TJK","Europe_Central_Asia","Tajikistan","LIC",2616.4755859375,8177809,1787400,NA,NA,NA,NA,NA,NA,NA,NA,NA,"Tajikistan","Asia"
"109","NPL","South_asia","Nepal","LIC",2902.24926757812,28982772,1768977.49,52.39,4.36,1.9,7.12,18.21,15.14,0.9,NA,NA,"Nepal","Asia"
"110","KWT","Middle_East_North_Africa","Kuwait","HIC",58810.30078125,2998083,1750000,45,4,2,8,20,20,NA,1,1,"Kuwait","Asia"
"111","OMN","Middle_East_North_Africa","Oman","HIC",30535.833984375,3960925,1734885.15,27,6,NA,24,15,21,NA,2,5,"Oman","Asia"
"112","SLV","Latin_America","El Salvador","LMC",7328.71337890625,6164626,1648996.18,65,4,2,7,12,10,NA,NA,NA,"El Salvador","North America"
"113","NIC","Latin_America","Nicaragua","LMC",4611.84033203125,5737723,1528816.29335,NA,NA,NA,NA,NA,NA,NA,NA,NA,"Nicaragua","North America"
"114","PAN","Latin_America","Panama","HIC",28436.359375,3969249,1472262.21515,46.4,5.8,3.8,5.7,26.3,12,NA,NA,NA,"Panama","North America"
"115","CRI","Latin_America","Costa Rica","UMC",18168.71484375,4757575,1460000,58,1,2,7,21,11,NA,NA,NA,"Costa Rica","North America"
"116","ZWE","Sub-Saharan_Africa","Zimbabwe","LIC",3190.50659179688,12500525,1449752,36,5,6,3,27,23,NA,NA,NA,"Zimbabwe","Africa"
"117","PSE","Middle_East_North_Africa","West Bank and Gaza","LMC",5985.68310546875,4046901,1387000,59.1,2.4,2.7,11.5,10.1,14.2,NA,NA,NA,"Palestine","Asia"
"118","TCD","Sub-Saharan_Africa","Chad","LIC",1732.69128417969,11887202,1358850.53,70,1,2,18,3,6,NA,NA,NA,"Chad","Africa"
"119","LTU","Europe_Central_Asia","Lithuania","HIC",37278.3046875,2786844,1315390.375,40.4,8.65,2.75,44.05,10.05,10.15,NA,0.6,NA,"Lithuania","Europe"
"120","MWI","Sub-Saharan_Africa","Malawi","LIC",999.441345214844,16577147,1297844.48,NA,NA,NA,NA,NA,NA,NA,NA,NA,"Malawi","Africa"
"121","URY","Latin_America","Uruguay","HIC",20588.392578125,3431552,1260139.50865,53.5,3,5,7.5,20,11,NA,NA,NA,"Uruguay","South America"
"122","BIH","Europe_Central_Asia","Bosnia and Herzegovina","UMC",12671.0078125,3535961,1248718,NA,NA,NA,92.7,4.9,NA,NA,NA,2.4,"Bosnia and Herzegovina","Europe"
"123","KGZ","Europe_Central_Asia","Kyrgyz Republic","LMC",4805.14111328125,5956900,1113300,NA,NA,NA,NA,NA,NA,NA,NA,NA,"Kyrgyzstan","Asia"
"124","TGO","Sub-Saharan_Africa","Togo","LIC",1404.13293457031,7228915,1109030.45,38,2,4,42,4,10,NA,NA,NA,"Togo","Africa"
"125","CAF","Sub-Saharan_Africa","Central African Republic","LIC",822.610473632812,4515392,1105983,NA,NA,NA,NA,NA,NA,NA,NA,NA,"Central African Republic","Africa"
"126","KHM","East_Asia_Pacific","Cambodia","LMC",3364.27880859375,15270790,1089000,66.6,2.6,2,10.4,4,8.6,NA,5.8,NA,"Cambodia","Asia"
"127","ALB","Europe_Central_Asia","Albania","UMC",13724.05859375,2854191,1087446.75,51.4,4.5,4.8,15.21,9.9,9.6,NA,4.6,NA,"Albania","Europe"
"128","SVN","Europe_Central_Asia","Slovenia","HIC",39037.93359375,2087946,1052324.75,NA,NA,NA,NA,NA,NA,NA,NA,NA,"Slovenia","Europe"
"129","JAM","Latin_America","Jamaica","UMC",9550.810546875,2881355,1051694.575,62.22,2.81,2.38,5.13,14.73,12.2,NA,0.53,NA,"Jamaica","North America"
"130","QAT","Middle_East_North_Africa","Qatar","HIC",96261.6640625,2109568,1000990.016,57,4,9,5,11,14,NA,NA,NA,"Qatar","Asia"
"131","PNG","East_Asia_Pacific","Papua New Guinea","LMC",3912.38110351562,7755785,1e+06,31,NA,NA,42,16.6,10,NA,NA,NA,"Papua New Guinea","Oceania"
"132","BHR","Middle_East_North_Africa","Bahrain","HIC",47937.77734375,1425171,951942.96945,59.1,3.4,2.1,15.2,12.8,7.4,NA,NA,NA,"Bahrain","Asia"
"133","LVA","Europe_Central_Asia","Latvia","HIC",30982.173828125,1912789,839714.375,46.7,21.4,2.6,9.7,6.1,7.7,3.6,2.4,NA,"Latvia","Europe"
"134","GEO","Europe_Central_Asia","Georgia","LMC",12605.1396484375,3717100,8e+05,39,3,5,16,34,3,NA,NA,NA,"Georgia","Asia"
"135","CYP","Europe_Central_Asia","Cyprus","HIC",39544.68359375,1198575,769485.125,41.47,2.66,3.25,10.07,25.7,14.77,NA,2.08,NA,"Cyprus","Asia"
"136","TTO","Latin_America","Trinidad and Tobago","HIC",28910.908203125,1328100,727874,27.15,10.15,3.74,17.19,22.6,19.17,NA,NA,NA,"Trinidad and Tobago","North America"
"137","ERI","Sub-Saharan_Africa","Eritrea","LIC",1714.55236816406,4474690,726957.37,NA,NA,NA,NA,NA,NA,NA,NA,NA,"Eritrea","Africa"
"138","BEN","Sub-Saharan_Africa","Benin","LIC",2227.35229492188,5521763,685936.01,52.1,1.6,1.6,34.3,3.1,7.3,NA,NA,NA,"Benin","Africa"
"139","MKD","Europe_Central_Asia","Macedonia, FYR","UMC",16147.7294921875,2082958,626970.375,29.3,4.1,2.5,19.8,12.8,13.9,0.9,0.7,16,"Macedonia","Europe"
"140","SLE","Sub-Saharan_Africa","Sierra Leone","LIC",1237.63024902344,5439695,610222.09,NA,NA,NA,NA,NA,NA,NA,NA,NA,"Sierra Leone","Africa"
"141","GIN","Sub-Saharan_Africa","Guinea","LIC",1622.77685546875,8132552,596911,58,1,1,27,9,4,NA,NA,NA,"Guinea","Africa"
"142","LBR","Sub-Saharan_Africa","Liberia","LIC",1333.42224121094,3512932,564466.7,NA,NA,NA,NA,NA,NA,NA,NA,NA,"Liberia","Africa"
"143","TKM","Europe_Central_Asia","Turkmenistan","UMC",11471.1865234375,5366277,5e+05,16.18,4.64,11.44,62.54,NA,2.19,NA,3.01,NA,"Turkmenistan","Asia"
"144","ARM","Europe_Central_Asia","Armenia","UMC",11019.8388671875,2906220,492800,57,3.2,3.4,17.4,6.7,11.4,0.3,0.6,NA,"Armenia","Asia"
"145","LUX","Europe_Central_Asia","Luxembourg","HIC",114323.40625,619896,490337.75,30,4,2,27,19,18,NA,NA,NA,"Luxembourg","Europe"
"146","EST","Europe_Central_Asia","Estonia","HIC",36956.28515625,1326590,489511.71875,36.7,8.3,2.6,15.9,17.5,18.6,NA,0.4,NA,"Estonia","Europe"
"147","MRT","Sub-Saharan_Africa","Mauritania","LMC",4783.6357421875,3506288,454000,4.8,4,4.2,59.7,7.3,20,NA,NA,NA,"Mauritania","Africa"
"148","COG","Sub-Saharan_Africa","Congo, Rep.","LMC",4899.57958984375,2648507,451200,NA,NA,NA,NA,NA,NA,NA,NA,NA,"Republic of Congo","Africa"
"149","MUS","Sub-Saharan_Africa","Mauritius","UMC",20646.93359375,1263473,438000,64,2.8,NA,8,13,12.4,NA,NA,NA,"Mauritius","Seven seas (open ocean)"
"150","MAC","East_Asia_Pacific","Macao SAR, China","HIC",117335.5859375,612167,377942,3.1,3.3,1.7,3.1,58.7,7.9,NA,22.3,NA,"Macao","Asia"
"151","LAO","East_Asia_Pacific","Lao PDR","LMC",6543.6669921875,6663967,351900,16.9,9.3,3.7,20.3,2.8,6.1,1.1,38.2,1.2,"Lao PDR","Asia"
"152","MLT","Middle_East_North_Africa","Malta","HIC",43707.5390625,502653,348841.1875,52,6,4,9.5,18,12,NA,NA,NA,"Malta","Europe"
"153","MNE","Europe_Central_Asia","Montenegro","UMC",20752.62109375,622227,329780.3125,33.82,8.97,2.9,19.46,13.72,18.42,NA,2.7,NA,"Montenegro","Europe"
"154","XKX","Europe_Central_Asia","Kosovo","LMC",9723.5615234375,1801800,319000,42,6,6,20,8,11,NA,7,NA,NA,NA
"155","GNB","Sub-Saharan_Africa","Guinea-Bissau","LIC",1800.06860351562,1770526,289514,NA,NA,NA,NA,NA,NA,NA,NA,NA,"Guinea-Bissau","Africa"
"156","BHS","Latin_America","Bahamas, The","HIC",35400.08203125,386838,264000,46,7,7,12,15,13,NA,NA,NA,"Bahamas","North America"
"157","NAM","Sub-Saharan_Africa","Namibia","UMC",6152.9873046875,1559983,256729,NA,NA,NA,NA,NA,NA,NA,NA,NA,"Namibia","Africa"
"158","GAB","Sub-Saharan_Africa","Gabon","UMC",18514.65234375,1086137,238102.31,NA,NA,NA,NA,NA,NA,NA,NA,NA,"Gabon","Africa"
"159","ISL","Europe_Central_Asia","Iceland","HIC",55274.1875,343400,225270.40625,10,NA,NA,NA,38,9,NA,29,14,"Iceland","Europe"
"160","SWZ","Sub-Saharan_Africa","Eswatini","LMC",8321.1064453125,1343098,218199.47,NA,NA,NA,NA,NA,NA,NA,NA,NA,"Swaziland","Africa"
"161","BRN","East_Asia_Pacific","Brunei Darussalam","HIC",60865.98828125,423196,216253.156,36,3,4,15,18,16,1,1,6,"Brunei Darussalam","Asia"
"162","MDV","South_asia","Maldives","UMC",17284.609375,409163,211505.78,24,NA,1,1,6,3,NA,NA,65,"Maldives","Seven seas (open ocean)"
"163","BWA","Sub-Saharan_Africa","Botswana","UMC",14126.3896484375,2014866,210854.442618916,8.1,NA,0.1,91.9,NA,NA,NA,NA,NA,"Botswana","Africa"
"164","GNQ","Sub-Saharan_Africa","Equatorial Guinea","UMC",24827.072265625,1221490,198443.06,NA,NA,NA,NA,NA,NA,NA,NA,NA,"Equatorial Guinea","Africa"
"165","GMB","Sub-Saharan_Africa","Gambia, The","LIC",2180.85571289062,1311349,193440.54,35,1.9,2.1,51.4,9.7,NA,NA,NA,NA,"The Gambia","Africa"
"166","FJI","East_Asia_Pacific","Fiji","UMC",10787.685546875,867086,189389.594,33.2,4.1,1.9,3.5,12.5,7.5,0.1,NA,37.2,"Fiji","Oceania"
"167","SLB","East_Asia_Pacific","Solomon Islands","LMC",2596.45288085938,563513,179971.964375,42.8,6.65,13.15,3.7,6.45,22.35,4.9,NA,NA,"Solomon Islands","Oceania"
"168","GUY","Latin_America","Guyana","UMC",9812.08984375,746556,179251.5,50.1,4.7,4.2,12.1,10.7,14.2,1.5,2.5,NA,"Guyana","South America"
"169","CHI","Europe_Central_Asia","Channel Islands","HIC",46672.59375,164541,178933,NA,NA,NA,NA,NA,NA,NA,NA,NA,NA,NA
"170","BRB","Latin_America","Barbados","HIC",15444.74609375,280601,174815.444444444,18.3,3.7,4.9,5.7,19.7,17.1,12.1,NA,18.6,"Barbados","North America"
"171","PYF","East_Asia_Pacific","French Polynesia","HIC",60955.7265625,273528,147000,47,3,3,29,16,2,NA,NA,NA,"French Polynesia","Oceania"
"172","VIR","Latin_America","Virgin Islands (U.S.)","HIC",30436.564453125,105784,146500,46,7,7,12,15,13,NA,NA,NA,"United States Virgin Islands","North America"
"173","GUM","East_Asia_Pacific","Guam","HIC",59074.94140625,159973,141500,27.3,4.6,9,8.7,28.5,12.4,3.1,6.4,NA,"Guam","Oceania"
"174","CPV","Sub-Saharan_Africa","Cabo Verde","LMC",6353.783203125,513979,132555,NA,NA,NA,NA,NA,NA,NA,NA,NA,"Cape Verde","Africa"
"175","DJI","Middle_East_North_Africa","Djibouti","LMC",6596.775390625,746221,114997.249003984,NA,NA,NA,NA,NA,NA,NA,NA,NA,"Djibouti","Africa"
"176","BTN","South_asia","Bhutan","LMC",6743.01611328125,686958,111314.05,58,4,1,7,17,13,NA,NA,NA,"Bhutan","Asia"
"177","NCL","East_Asia_Pacific","New Caledonia","HIC",57330.203125,278000,108157.384,43.6,5.5,10,9.3,10.9,16.5,4.2,NA,NA,"New Caledonia","Oceania"
"178","BLZ","Latin_America","Belize","UMC",7259.0244140625,359288,101378.8303,47,8,5,5,16,19,NA,NA,NA,"Belize","North America"
"179","COM","Sub-Saharan_Africa","Comoros","LIC",2959.5400390625,777424,91013,50,2,4,22,7,5,NA,NA,10,"Comoros","Africa"
"180","ABW","Latin_America","Aruba","HIC",35563.3125,103187,88132.0167,NA,NA,NA,NA,NA,NA,NA,NA,NA,"Aruba","North America"
"181","BMU","North_America","Bermuda","HIC",80982.3671875,64798,82000,17,9,6,26,29,13,NA,NA,NA,"Bermuda","North America"
"182","SUR","Latin_America","Suriname","UMC",16953.802734375,526103,78619.79915,57,3,3,24,NA,11,NA,NA,NA,"Suriname","South America"
"183","LCA","Latin_America","St. Lucia","UMC",14029.982421875,177206,77616.228,45,7,5,11,10,22,NA,NA,NA,"Saint Lucia","North America"
"184","LSO","Sub-Saharan_Africa","Lesotho","LMC",1978.6083984375,1965662,73457,NA,NA,NA,NA,NA,NA,NA,NA,NA,"Lesotho","Africa"
"185","VUT","East_Asia_Pacific","Vanuatu","LMC",3061.78735351562,270402,70225.489,73.4,5.4,3.8,5.7,4.05,6.45,1.2,NA,NA,"Vanuatu","Oceania"
"186","TLS","East_Asia_Pacific","Timor-Leste","LMC",3344.57373046875,1268671,63875,43.6,5.5,10,9.3,10.9,16.5,4.2,NA,NA,"Timor-Leste","Asia"
"187","FRO","Europe_Central_Asia","Faeroe Islands","HIC",44402.87890625,48842,61000,NA,NA,NA,NA,NA,NA,NA,NA,NA,"Faeroe Islands","Europe"
"188","CYM","Latin_America","Cayman Islands","HIC",66207.4453125,59172,60000,10.9,3.5,6.2,11.4,31.1,11,NA,7.3,18.6,"Cayman Islands","North America"
"189","IMN","Europe_Central_Asia","Isle of Man","HIC",44203.62109375,80759,50551,NA,NA,NA,NA,NA,NA,NA,NA,NA,"Isle of Man","Europe"
"190","GRL","Europe_Central_Asia","Greenland","HIC",43948.5625,56905,50000,42.8,7.1,2,33.4,11.4,2.4,NA,1,NA,"Greenland","North America"
"191","SYC","Sub-Saharan_Africa","Seychelles","HIC",23302.953125,88303,48000,48.5,5.2,4.6,25.8,5.9,9.9,0.2,0.5,NA,"Seychelles","Seven seas (open ocean)"
"192","MCO","Europe_Central_Asia","Monaco","HIC",43711.80078125,37783,46000,NA,3,2.2,NA,2.2,1,NA,NA,NA,"Monaco","Europe"
"193","AND","Europe_Central_Asia","Andorra","HIC",43711.80078125,82431,43000,31.2,8.2,2.6,11.6,35.1,11.3,NA,NA,NA,"Andorra","Europe"
"194","KIR","East_Asia_Pacific","Kiribati","LMC",2249.7685546875,114395,35723.8275,43.6,5.5,10,9.3,10.9,16.5,4.2,NA,NA,"Kiribati","Oceania"
"195","KNA","Latin_America","St. Kitts and Nevis","HIC",25569.357421875,54288,32892.14,27.2,8.1,8.8,12.2,20.5,23.2,NA,NA,NA,"Saint Kitts and Nevis","North America"
"196","MNP","East_Asia_Pacific","Northern Mariana Islands","HIC",60955.7265625,54036,32761.4145,43.6,5.5,10,9.3,10.9,16.5,4.2,NA,NA,"Northern Mariana Islands","Oceania"
"197","LIE","Europe_Central_Asia","Liechtenstein","HIC",45726.98828125,36545,32382,37.6,5,12.5,9.1,30.3,5.4,NA,NA,NA,"Liechtenstein","Europe"
"198","VCT","Latin_America","St. Vincent and the Grenadines","UMC",11971.9931640625,109455,31561.34925,49.6,5.6,3.8,10.5,22.1,8.4,NA,NA,NA,"Saint Vincent and the Grenadines","North America"
"199","ATG","Latin_America","Antigua and Barbuda","HIC",17965.501953125,96777,30585,46,7,7,12,15,13,NA,NA,NA,"Antigua and Barbuda","North America"
"200","GRD","Latin_America","Grenada","UMC",13207.7119140625,105481,29536.1139369278,27.1,3.1,2.4,36.5,13.6,16.4,0.9,NA,NA,"Grenada","North America"
"201","WSM","East_Asia_Pacific","Samoa","UMC",6210.9833984375,187665,27399.09,42.6,2.2,8.8,19.4,7.2,13,6.8,NA,NA,"Samoa","Oceania"
"202","FSM","East_Asia_Pacific","Micronesia, Fed. Sts.","LMC",3440.06420898438,104937,26039.57,23.83,7.07,16.73,9.32,13.3,26.17,3.58,NA,NA,"Federated States of Micronesia","Oceania"
"203","STP","Sub-Saharan_Africa","São Tomé and Príncipe","LMC",3720.78686523438,191266,25586.5,NA,NA,NA,NA,NA,NA,NA,NA,NA,"São Tomé and Principe","Africa"
"204","CUW","Latin_America","Curacao","HIC",27503.7890625,153822,24703.8132,NA,NA,NA,NA,NA,NA,NA,NA,NA,"Curaçao","North America"
"205","VGB","Latin_America","British Virgin Islands","HIC",24215.8828125,20645,21099.19,6.5,18.1,8.6,4.8,33.5,6.3,NA,22.2,NA,"British Virgin Islands","North America"
"206","ASM","East_Asia_Pacific","American Samoa","UMC",11113.4423828125,55599,18989.49,19.7,3.4,7.9,25.6,26.4,12.8,4.2,NA,NA,"American Samoa","Oceania"
"207","TON","East_Asia_Pacific","Tonga","UMC",5636.41845703125,104951,17238.20175,51.3,5.9,9,8.9,7.4,13.4,4.1,NA,NA,"Tonga","Oceania"
"208","SMR","Europe_Central_Asia","San Marino","HIC",58806.19921875,33203,17174.68,5.35,5.61,0.9,65.56,13.21,5.6,NA,1.28,2.49,"San Marino","Europe"
"209","GIB","Europe_Central_Asia","Gibraltar","HIC",43711.80078125,33623,16954,24.57,4.42,4.37,14.38,33.65,15.86,NA,NA,NA,NA,NA
"210","MAF","Latin_America","St. Martin (French part)","HIC",30385.89453125,30959,15479.5,NA,NA,NA,NA,NA,NA,NA,NA,NA,"Saint-Martin","North America"
"211","DMA","Latin_America","Dominica","UMC",11708.6396484375,72400,13176,45,8,5,14,12,16,NA,NA,NA,"Dominica","North America"
"212","PLW","East_Asia_Pacific","Palau","HIC",18275.025390625,21503,9426.7455,26,5,10,9,15,32,1,NA,2,"Palau","Oceania"
"213","MHL","East_Asia_Pacific","Marshall Islands","UMC",3628.89526367188,52793,8614,8,2,6,31,11,13,NA,NA,29,"Marshall Islands","Oceania"
"214","NRU","East_Asia_Pacific","Nauru","UMC",11167.3193359375,13049,6191.7505,43.6,5.5,10,9.3,10.9,16.5,4.2,NA,NA,"Nauru","Oceania"
"215","TUV","East_Asia_Pacific","Tuvalu","UMC",3793.12768554688,11097,3989.4865,43.6,5.5,10,9.3,10.9,16.5,4.2,NA,NA,NA,NA
"216","SXM","Latin_America","Sint Maarten (Dutch part)","HIC",NA,37685,NA,46,7,7,12,15,13,NA,NA,NA,"Sint Maarten","North America"
"217","TCA","Latin_America","Turks and Caicos Islands","HIC",28174.482421875,34900,NA,21.8,20.5,7.6,2.4,31.5,16.3,NA,NA,NA,"Turks and Caicos Islands","North America"
